Station,Train_Samples,Val_Samples,Test_Samples,Train_RMSE,Train_R2,Val_RMSE,Val_R2,Test_RMSE,Test_R2,y_train_min,y_train_max,y_test_min,y_test_max
RSAC092_EC,65955,16422,18276,93.31854284381447,0.9890196877029356,99.41574435467778,0.987324575929068,208.90767580979625,0.966623808640904,170.46817019999997,6105.379883,175.0252075,5910.717772999999
