Model,Train_Samples,Val_Samples,Test_Samples,Train_RMSE_Daily,Train_R2_Daily,Val_RMSE_Daily,Val_R2_Daily,Test_RMSE_Daily,Test_R2_Daily,Train_Months,Val_Months,Test_Months,Train_RMSE_Monthly,Train_R2_Monthly,Val_RMSE_Monthly,Val_R2_Monthly,Test_RMSE_Monthly,Test_R2_Monthly,y_train_min,y_train_max,y_test_min,y_test_max
X2_DIS,65955,16422,18276,0.8523636779162046,0.9955985018788319,0.8582875157193007,0.9955500729530734,1.0828846182424274,0.991335117643313,904,903,201,0.5145025944028863,0.9983311701219657,0.5268071354049654,0.9982550342980184,0.7611608178364291,0.995580927693143,47.833,96.69,49.558,96.59
